gradient1,gradient2,gradient3,gradient4,gradient5
-0.39248198,1.2406087,-0.43328682,-0.31134123,0.26181844
-1.7293258,2.4409304,-0.5729507,-0.1618161,0.011034779
-0.8478274,2.063393,-0.47632608,-0.19350225,0.058309354
-1.9052482,2.5074644,-0.50237674,0.051218055,-0.22119695
-0.18737002,1.2545278,-0.29136232,-0.173301,0.14490676
-1.8467917,2.4607,-0.5425709,0.029599573,-0.17360719
-0.67568326,0.9158363,-0.2051905,-0.059728336,-0.008370222
-1.7969177,2.2462208,-0.48413268,0.16878925,-0.21798146
-1.5256007,1.9681689,-0.42778584,0.030762218,-0.15366453
-1.7086693,2.1729448,-0.48776424,0.15757146,-0.2377471
-1.6202095,1.9642258,-0.46179298,0.1987138,-0.23769787
-0.9514008,1.2218672,-0.19167179,-0.15680628,-0.031657882
-1.9930441,2.351217,-0.5825925,0.3306895,-0.24940437
-0.8756062,1.0517106,-0.19197446,0.15937005,-0.1390795
-0.5683312,0.7220568,-0.14742841,-0.011447901,-0.04578994
-1.6274498,1.8099256,-0.46385443,0.28127688,-0.26087758
-1.3203896,1.5580899,-0.3939657,0.20312396,-0.21560527
-0.45083636,0.5660009,-0.05415131,0.079996765,-0.061793707
-2.135016,2.2513404,-0.6085715,0.40288118,-0.3414852
-0.41051555,1.1349728,-0.48032704,0.26527387,-0.017953694
-0.9531299,1.031136,-0.12885262,-0.24958442,-0.013120638
-2.1614046,2.3125513,-0.63174325,0.44747427,-0.3264843
-1.6015043,1.7573667,-0.44575307,0.31268096,-0.2610435
-0.83942395,1.081989,-0.078139804,0.11558692,-0.1044192
-2.3355556,2.3967044,-0.66318053,0.47438505,-0.37840635
-1.9075629,1.9410121,-0.50209284,0.3918659,-0.2960924
-1.1821127,1.3146378,-0.31629217,0.27705726,-0.19661814
0.2519928,0.22021648,0.19557141,0.2095752,-0.18306333
-1.1752033,1.4429193,-0.32496396,-0.020073704,-0.10594729
-0.2921068,0.5637308,0.044765294,0.2720979,-0.16920938
-1.698372,1.4824369,-0.43473542,0.44083184,-0.16110723
-2.1396015,2.194082,-0.64152294,0.5112961,-0.33722642
-0.1217441,0.5623193,0.16767666,0.23470426,-0.17761642
-1.214936,1.5326391,-0.23524193,0.031045618,-0.13142735
-2.3008766,2.302867,-0.5527529,0.5730526,-0.3307566
-1.2827399,1.3200094,-0.36506444,-0.068721995,-0.05291643
-1.9056306,1.787872,-0.47002742,0.46597457,-0.26572233
-2.217391,2.4399266,-0.8244537,0.60510796,-0.34743547
-1.4095948,1.5842437,-0.33535033,0.38255772,-0.24668254
-0.38254192,0.4690131,-0.06586662,0.13406482,-0.08591616
-0.71914953,1.1530491,-0.65795904,0.38254723,-0.12167204
-1.0598003,1.1784482,-0.34697703,0.019403718,-0.08729261
-1.8142021,1.8684506,-0.45681208,0.44291764,-0.27046755
-0.25931373,0.7486558,0.11164396,0.3325452,-0.27530554
-0.8487553,1.0129024,-0.23096725,0.007374089,-0.07844379
-2.3655014,2.0701385,-0.6027413,0.5875845,-0.32897663
-2.2340944,1.9634786,-0.52361757,0.54976654,-0.29643965
0.42986396,1.1091722,-0.8966111,0.31583744,-0.034554802
-1.0676057,1.3462911,-0.22727014,0.15516993,-0.19132021
-1.6241798,1.6845342,-0.56631726,0.44914994,-0.243931
-1.8047094,1.6775631,-0.414546,0.44209245,-0.24274176
-1.3268151,1.4217361,-0.33137342,0.30302846,-0.20624739
-1.434539,1.828167,-0.3168711,-0.04223273,-0.14456058
-1.3488119,1.5162765,-0.36372995,0.23540218,-0.23072089
-0.35098132,1.6113073,-0.8328705,0.37347925,-0.10450043
-1.9548374,2.0022285,-0.64523727,0.506978,-0.28443986
-2.2720404,2.012853,-0.5634405,0.53510803,-0.3131581
-1.3639543,1.5480441,-0.39080977,0.16603859,-0.21641222
-0.31691158,0.49111825,-0.068276525,-0.039379105,0.06679767
-1.7586104,1.6636286,-0.42157546,0.39770958,-0.25017792
-1.1572807,1.4059027,-0.1476688,-0.10110878,-0.0013753361
-1.60438,1.7060142,-0.43267795,0.27262256,-0.2521397
0.39236167,0.91262823,-0.4982918,0.11225358,0.0072066644
-1.2342734,1.4920839,-0.30639976,0.06722748,-0.16009074
-0.82082796,1.0767076,-0.07797724,-0.16068205,-0.01826992
-1.4911925,1.7153766,-0.61279994,0.38532045,-0.26680666
-1.7126878,1.6923709,-0.45360163,0.30240458,-0.26198548
-1.0734149,1.1723943,-0.2912395,0.14400846,-0.15966496
-1.3090811,1.800432,-0.61063594,0.349268,-0.23164812
-1.6529088,1.8367738,-0.43194616,0.19900014,-0.23866014
-1.4703023,1.4179052,-0.404451,0.27102372,-0.22395402
-1.7667428,2.24432,-0.3431415,-0.050749708,-0.16442846
-1.2208287,1.2256151,-0.31673336,0.18025234,-0.17418778
-0.92137325,1.4126283,0.09227115,-0.35786414,0.06447728
-1.9085153,1.9195241,-0.5239203,0.36623073,-0.28846166
-1.205117,1.2548587,-0.29956448,0.13386178,-0.16359827
-1.9287164,2.3487391,-0.35414892,-0.09924148,-0.18208966
-2.0164235,1.9642514,-0.47122145,0.2803362,-0.2636727
-0.887767,0.89899915,-0.21136627,0.08928431,-0.11470925
-1.3053349,1.4855688,-0.28474754,-0.036158286,-0.14369363
-0.6133995,0.8107732,0.085246235,-0.023620903,-0.045219306
-1.3341017,-0.6820833,-0.77103853,0.17972933,0.53272164
-1.8415956,-0.85332304,-0.70439935,0.20757924,0.37660292
-1.1813502,-0.5747211,-0.66121495,0.08223208,0.22529425
-0.69112563,-0.34194562,-0.37311015,0.045927078,0.11864471
-2.2420826,-0.998891,-0.62949634,0.29650617,0.20371535
-2.3748553,-0.9980139,-0.26729777,0.35751855,0.19313048
-0.6445446,-0.38854867,-0.61988914,0.040949523,0.2807251
-1.6699303,-0.70962113,-0.59161395,0.25247267,0.18699273
-1.3621287,-0.6354929,-0.5978283,0.16996832,0.20648342
-2.5543354,-0.9954042,-0.503753,0.3479707,-0.030722776
-2.4943469,-1.1136092,-0.4890966,0.24812287,-0.10367929
-3.116903,-1.4842924,-0.6940902,0.10294549,-0.16546313
-0.676889,-0.34250066,-0.7496015,0.07081507,0.3948298
-1.8961829,-0.71187097,-0.46581239,0.3333776,0.049352124
-2.13985,-0.9130193,-0.5277109,0.25927228,-0.10010439
-2.4260077,-1.1492765,-0.5632836,0.14897826,-0.2324718
-2.769933,-1.3081543,-0.6248049,0.06936246,-0.13313898
-2.0596695,-0.9163152,-0.6659953,0.28507513,0.13778841
-0.585912,0.09674879,-0.69600576,0.06645031,0.5191104
-1.3770733,-0.5850486,-0.5166921,0.16832058,0.24084154
-2.6294186,-1.253048,-0.5718058,0.07533183,-0.06940897
-2.713192,-1.2475934,-0.273931,0.243415,0.24743266
-0.278205,-0.013596678,-0.173525,0.038519643,0.1136851
-2.6630497,-1.2624974,-0.692069,0.021602929,-0.3018145
-1.9921532,-0.8760885,-0.539702,0.2246533,0.00023894335
-2.3482482,-1.1439928,-0.44970372,-0.04951579,0.008243186
-1.7150807,-0.79881537,-0.19400714,0.124830015,0.087728515
-2.4271555,-1.1840246,-0.49509126,-0.31225482,-0.22750708
-2.2925267,-1.1837468,-0.68349594,-0.062624685,-0.15934429
-2.0776014,-0.9251072,-0.27659786,0.054333225,0.030919604
-1.855665,-0.8622985,-0.09145123,-0.16782218,0.13887793
-1.8588053,-0.89595956,-0.27224568,-0.0713404,0.026529245
-2.6504197,-1.3735846,-0.7867643,-0.0013583786,-0.2416642
-2.1278245,-1.1315445,-0.68460494,-0.17194162,-0.25478077
-2.598194,-1.305523,-0.65479636,-0.21603905,-0.21166019
-3.2105362,-1.6970778,-1.0162632,-0.123453505,-0.40659398
-1.1088415,-0.58688635,-0.36406222,-0.0911798,-0.15064128
-2.7504754,-1.353012,-0.68059564,-0.21789269,-0.21593799
-2.131672,-1.0322027,-0.56767213,-0.41102973,-0.29593182
-2.9016755,-1.4930792,-0.90437144,-0.14554067,-0.40025434
-3.098003,-1.5829326,-0.9162475,0.013367719,-0.3195654
-1.6595987,-0.7895627,-0.18623373,0.1305268,-0.0052505173
-1.0590667,-0.5244031,-0.3137871,0.014509293,0.09086528
-0.9068757,-0.47939757,-0.30060953,-0.16625643,-0.18218778
-1.9549865,-0.87980443,-0.45536235,-0.51201,-0.2945644
-2.9864748,-1.165561,-0.6815073,0.12517211,-0.27044988
-2.252691,-1.1318579,-0.5404896,-0.1491294,-0.32142413
-1.9091314,-0.9956609,-0.60994416,-0.38410595,-0.39656258
-2.399631,-0.64128906,-0.34373146,0.0345789,-0.0810917
-2.1280537,-1.0565383,-0.66283536,-0.2848604,-0.4052923
-2.6324685,-1.3055531,-0.7618201,-0.2913453,-0.48693797
-3.2851624,-1.5525032,-0.954486,-0.2784794,-0.56269705
-1.2528788,-0.3319283,-0.041788846,-0.26188263,0.014531459
-2.4539855,-1.3252844,-0.746663,-0.24991958,-0.5085808
-1.9437777,-1.0092367,-0.47515076,-0.2276641,-0.29738635
-2.875624,-1.439388,-0.8258577,-0.5390298,-0.5234198
-1.308094,-0.68868965,-0.42311808,-0.24536999,-0.28210372
-3.377349,-1.8069087,-1.114364,-0.5657708,-0.73488134
-1.2277726,-0.4292449,-0.20088978,-0.28931794,-0.12971275
-2.213536,-1.2125707,-0.72537833,-0.20052147,-0.4641272
-1.8131242,-0.893555,-0.5552069,-0.31618592,-0.368462
-2.6204975,-1.2826004,-0.6882804,-0.14129674,-0.44767573
-2.094137,-0.8077791,-0.2525662,-0.634686,-0.16834626
-1.882806,-0.96756786,-0.5538194,-0.39724818,-0.36875403
-2.2086418,-1.0847691,-0.31763402,-0.06107691,-0.16768861
-2.4490547,-1.2972213,-0.7692998,-0.2597807,-0.500418
-3.4611142,-1.8354287,-1.0825725,-0.48939526,-0.7208027
-2.9144285,-1.5939271,-0.9888058,-0.26178408,-0.6283781
-1.8692358,-0.87159777,-0.48098755,-0.15391764,-0.30875114
-1.4353747,-0.49614045,-0.048879012,-0.24246031,-0.021035157
-1.1510552,-0.57005787,-0.2822109,-0.22614513,-0.19076514
-1.168941,-0.6013749,-0.3649055,-0.086429454,-0.2354129
-2.4577405,-1.3492478,-0.806522,-0.21323922,-0.5004114
-2.9698632,-1.4855565,-0.80323744,-0.038518816,-0.46681806
-1.7334192,-0.7461808,-0.15141042,-0.2684665,-0.094250835
-2.417918,-1.1787689,-0.57305264,-0.20289098,-0.3771362
-2.166656,-1.1416613,-0.64347565,-0.27308086,-0.42902234
-2.1300988,-1.1187757,-0.6643579,-0.16276556,-0.43693197
-1.2087076,-0.37260106,0.036212176,-0.1819,0.034244753
-3.3059452,-1.6848985,-0.8957412,-0.07748875,-0.5323419
-1.3834975,-0.6872412,-0.36188832,-0.0730314,-0.23183714
-1.752709,-0.79574835,-0.031973302,-0.1059402,0.0034241693
-1.0085286,-0.42024025,-0.12047922,-0.10700321,-0.07748218
-2.6654234,-1.3518913,-0.719881,-0.038954146,-0.42351437
-1.2619555,-0.6623003,-0.3355614,-0.1368028,-0.22212219
-1.8037359,-0.97815526,-0.5440904,-0.15906656,-0.3503334
-2.7237785,-1.4864153,-0.9220297,-0.24149036,-0.587333
-1.3852273,-0.73635525,-0.44761896,-0.10170947,-0.2942093
-1.4392368,-0.74162394,-0.38773507,-0.091812514,-0.25019062
-2.6022673,-1.4181988,-0.86634946,-0.23072214,-0.55058235
-2.8064697,-1.5071224,-0.9169259,-0.1950007,-0.58850735
-0.4102137,0.52762264,0.05087748,-0.41938856,0.44331923
0.23758481,0.45840606,0.5654139,-0.74082714,0.10637805
-0.69724876,0.99826264,-0.23465371,-0.26550505,0.17506827
-0.43998316,1.0019987,0.1517666,-0.5152994,0.07076387
-0.4636822,0.6138865,0.31556758,-0.5752916,0.11320452
0.46715108,0.20391785,0.54732865,-0.47949398,0.04661334
-0.89150155,0.5657469,0.20574257,-0.4819066,0.17205039
-0.4133211,0.12843102,0.12840857,-0.15914045,0.14428477
-0.11439479,0.08405389,0.40271863,-0.21681596,0.30885187
-0.6813505,0.36624312,-0.07323351,-0.10912685,0.31189767
-0.45284295,0.61976576,-0.21998148,-0.035643905,0.10936827
0.015974067,0.20024103,-0.13501087,-0.040959284,0.16930689
0.4544959,0.32441187,-0.18503809,-0.09209842,0.14913563
-0.3486183,0.5522633,0.23746108,-0.2910947,0.13201651
0.5514749,0.33421266,0.083358936,-0.21788639,0.15158983
0.45585003,0.33682722,0.20536341,-0.29357424,0.09534743
-0.45949158,1.4932892,0.40838718,-0.75773513,0.07831599
-1.0230956,1.505561,0.13266553,-0.5469546,0.025394376
-1.091519,-0.2846976,0.07788494,-0.48786744,0.053503964
-1.5709126,2.0435445,-0.02993584,-0.5679597,-0.05276204
0.395372,0.60577905,0.44543904,-0.6221108,-0.08533513
-0.2871538,0.06492836,0.38873488,-0.36497477,0.15179116
-1.183535,-0.299412,0.04991311,-0.5472757,0.007211965
-0.4618109,0.04612955,0.44969857,-0.58207494,0.10288301
-0.38228223,0.15417007,0.46131447,-0.7192096,0.027569905
-0.14606148,0.5459093,0.4635726,-0.60895616,0.04694563
-0.27857807,0.42034727,0.118339725,-0.122718565,0.010835324
-0.99118,-0.31106842,-0.077139206,-0.41382295,-0.084870785
-1.0176338,1.1476992,0.31301558,-0.63134766,0.12101882
-0.31026688,0.023592172,0.11395824,-0.25717434,0.026805677
-0.45160985,0.81863844,0.1577071,-0.3647666,-0.019884491
-0.560996,0.40199268,0.49954233,-0.735096,0.118912406
-0.7918588,1.0930552,0.19521959,-0.47582835,0.032638215
0.08720621,0.030947117,0.09619834,-0.049008977,-0.004873818
-1.5886143,-0.72292244,-0.39466015,-0.4102471,-0.26211867
-0.69677025,0.64683896,0.11977743,-0.396424,0.05199238
-1.4103023,1.0245111,-0.11154468,-0.40180716,-0.04850754
-0.14121401,0.30303103,0.4148433,-0.3968825,0.10662977
-1.1044772,-0.38523075,-0.18289232,-0.35369152,-0.12370321
-0.5826235,0.19219534,0.005884858,-0.26048958,0.001015313
0.0057622157,0.123245575,0.23804085,-0.18849392,0.05775918
-0.15585186,0.12660219,0.029462777,-0.08059879,0.015494035
-0.41989926,0.2734402,-0.022125117,-0.13942201,-0.008870304
-0.5632924,0.1407021,0.30440113,-0.07925517,0.21278273
-0.17645146,0.13367796,0.34765217,-0.20015389,0.14764182
-0.7500996,0.5194903,0.3762276,-0.46302348,0.18417528
-0.36234543,-0.0651737,-0.01694072,-0.12578945,-0.012023073
-0.9958455,0.4212912,0.039918616,-0.34915593,0.03157185
-0.8066805,-0.17971303,0.13858753,-0.11952571,0.085928574
-0.5399935,0.06203749,0.1865801,-0.18515016,0.10690418
-0.48849377,-0.057403415,0.009781396,-0.006210526,0.39464676
0.66561824,0.18486711,0.5094311,-0.42844042,-0.05041664
-0.5374606,0.21346487,0.4254807,-0.3641376,0.2775032
-0.83930504,0.12007606,0.44808418,-0.6007446,0.21099728
0.031044912,0.11177172,0.562655,-0.32065454,0.14596868
-1.3389133,-0.17855719,0.20554933,-0.59691644,0.10015221
-0.7621703,-0.18394911,0.44721484,-0.15124449,0.27051803
-0.87055904,-0.066633075,0.49100283,-0.73861986,0.17560044
-1.1793855,-0.24531835,0.0920262,-0.5761019,0.048817076
0.16640365,0.37847745,0.61781096,-0.7216962,0.047548514
-1.015435,0.08184026,0.3529958,-0.5632829,0.26644897
-1.228051,-0.5095893,-0.1096532,0.1106157,0.21485955
0.08388496,-0.18007183,-0.37348956,0.07294997,0.42103258
-1.1204163,-0.43193433,0.30614752,-0.07055497,0.2848755
-0.24635318,-0.1667883,0.4935885,0.0015062084,0.41664377
-1.1008694,-0.3661093,0.5226054,-0.01973226,0.4108909
0.3959193,-0.052774332,0.18152909,-0.0077233436,0.2085976
-1.6679527,-0.640052,0.032037143,-0.4064392,0.11156788
-0.34372142,-0.018248715,0.65731966,-0.2090771,0.32892227
-0.4162177,-0.013607564,0.3662781,-0.26621523,0.20524682
0.008381946,0.08741765,-0.15885502,-0.018531831,0.24066441
0.0353362,0.14736457,-0.41808075,-0.010431453,0.39962056
-1.6979989,-0.6196504,-0.11032939,0.33543956,0.43779725
-1.8170501,-0.7087262,0.45873395,0.30322057,0.5697293
-0.87574,-0.4231272,1.471519,0.1677218,0.75258934
-1.5914056,-0.5705746,0.6665043,0.32510254,0.6833093
0.40598398,-0.1791517,0.45256945,0.10971174,0.48593453
-1.7819613,-0.7488995,-0.04328409,0.34282458,0.45392874
-0.083062,-0.15764998,1.613317,-0.19931398,0.5372112
-2.0191755,-0.75715107,0.7906882,-0.02329692,0.648222
-2.5163074,-1.075137,0.14035118,0.19470178,0.3236538
-0.6812975,-0.2862792,1.1498158,0.11982894,0.69449234
-1.1142108,-0.3961082,1.2558204,0.100582644,0.7309451
-2.494784,-0.9853224,0.36752424,-0.21943648,0.4216413
-0.47696725,-0.27429834,1.4990574,0.035047024,0.7371814
-1.9618104,-0.74870694,1.0825231,0.14495105,0.76731634
-2.5435724,-1.0581346,-0.059376515,-0.47211137,0.12450397
-0.43950444,-0.3545683,1.2498312,0.124320716,0.6445356
-2.5497007,-1.1069319,0.15948729,-0.31575862,0.25623897
-1.4690996,-0.63272595,0.88766056,0.18961108,0.73180217
-2.5542104,-1.1248643,0.21268006,0.009354135,0.4064063
-1.5049796,-0.63823,0.44553885,0.19127615,0.5512114
-1.591744,-0.6862065,0.21140464,0.14835241,0.30321968
-0.85833085,-0.30834895,0.7018105,-0.14485267,0.4797908
-1.3272104,-0.5191142,0.34794882,-0.10788287,0.3214206
-0.08480245,-0.08545278,0.40903345,0.04070938,0.2215328
0.63913375,-0.008119086,0.15767273,0.024721034,0.08228449
-0.15516822,-0.2711221,0.9108158,0.35505432,0.35824814
-1.3255824,-0.43037885,1.0636218,0.23433904,0.66799766
-1.1799508,-0.413088,0.7630909,-0.072432525,0.46740726
-1.7404121,-0.67494136,0.5023894,0.1188661,0.39029664
-0.60289615,-0.41826722,0.15085939,0.21202752,0.2069585
-0.41461974,-0.25152832,0.9452303,0.13262057,0.3970286
-0.86964786,-0.36141345,0.64845556,-0.0026475631,0.3173848
-1.7553436,-0.51003814,-0.07730341,0.04383946,-0.0029672529
-1.0648838,-0.09620653,0.5077527,0.08237379,0.33999243
-1.399103,-0.5855247,0.27399048,-0.07594288,0.2100913
-2.1543915,-0.91239995,0.035337254,-0.10682323,0.00977797
-0.58269924,0.45004362,0.002886166,0.06750249,0.16443735
-1.5837824,-0.0121459495,0.092720285,0.06144723,0.116666764
-2.5402515,-0.9694432,-0.101408124,0.05305895,-0.0448018
-0.94279784,-0.5669139,0.05863414,0.0114348205,0.3771386
-1.7979432,-0.4498896,0.09773877,-0.10522802,0.09228668
-1.2942747,-0.6985383,-0.07564428,0.05929044,0.28633538
0.4808135,-0.19679062,0.25936836,0.04841143,0.45779547
-0.84818184,-0.429692,0.14506023,0.02262805,0.24033505
0.6407475,-0.07985518,0.32781422,0.0011924482,0.44347548
2.7110827,-0.04363128,-0.053190913,-0.11739978,-0.1368792
3.0382655,-0.031435993,0.15315177,-0.21660739,-0.27061474
4.1316247,-0.020568496,-0.35938993,-0.28779605,-0.3330174
2.4151764,-0.10339147,-0.9939628,0.0062862537,0.5141739
3.1427128,0.04068997,-0.97619265,-0.186501,0.27027056
2.2234583,0.022535747,0.027151292,-0.25826633,0.030219376
1.8732191,0.14464478,1.1422229,-0.60499245,-0.3070424
4.047539,-0.07232151,-1.5449989,-0.08243699,0.36152926
3.6896865,-0.051327925,-0.7479814,-0.20490915,0.003157051
3.5970688,-0.024424383,-1.6129922,-0.082905285,0.5181718
2.0631845,-0.0076240306,-0.9020132,-0.017368333,0.25625324
3.1624339,-0.091048,-0.91143763,-0.04982959,0.22660813
2.0931296,-0.065233074,0.05971357,-0.02335624,-0.14120999
0.83554786,0.20806332,-0.5962949,-0.27820772,0.5591505
1.3994759,-0.0033643334,-0.959431,-0.032192897,0.61039186
0.79345065,0.25796342,-0.9116663,-0.21459535,0.73064876
0.23543322,0.455275,-0.23234616,-0.43832362,0.43044096
1.8447112,0.002562909,-0.68543404,-0.10553902,0.5340897
-0.20547663,-0.22282931,-0.7390879,-0.059863023,0.33568344
0.90106493,0.44191894,-0.73758614,-0.30859903,0.54487556
2.7121458,-0.08142729,-1.3564705,-0.029426929,0.588883
1.1032177,-0.027132865,-1.3895351,-0.10707455,0.7570496
0.17241845,0.5008252,-0.29432687,-0.36816165,0.6811127
0.8368839,0.1927594,0.7791711,-0.5620789,0.22904864
2.329755,-0.033473063,-0.96106803,-0.029581035,0.16642657
0.77408063,0.79394346,-0.7280894,-0.3672537,0.3410318
1.7816736,-0.16494232,-1.6483997,-0.0074272603,0.9049478
-0.32199094,-0.4672293,-1.0163113,0.13309084,0.76482606
1.0860316,0.37014067,0.113802776,-0.3474517,-0.12678583
0.30291495,0.020828085,0.5208189,-0.1711036,0.070983894
0.763624,0.007919756,0.38814613,-0.14038059,-0.07210944
0.75945264,0.026773747,0.041584168,-0.10942296,-0.12335297
0.7350222,0.0040750816,0.102759734,-0.081350826,-0.15040232
0.36103252,0.013809046,0.12078774,-0.07705858,-0.08087945
0.34665784,0.059382636,0.43256116,-0.23243539,-0.012999673
1.2980493,0.010238075,0.1468974,-0.12795684,-0.25475243
0.64742255,0.111241296,0.5537285,-0.41896662,-0.12692556
1.4643412,0.0515209,0.4461383,-0.26046965,-0.3434413
1.1447287,0.1442369,0.6248392,-0.5251466,-0.27239925
0.6422435,0.20605129,0.35920852,-0.36334535,-0.13270997
1.2263958,0.17195392,0.41267657,-0.3539278,-0.27337945
0.44365412,0.19903716,0.6374939,-0.5136603,-0.052836474
0.7256346,0.21213283,0.54805034,-0.40640622,-0.15146817
1.4285055,0.08115539,0.39511582,-0.3473216,-0.2613596
0.56145716,0.2008744,0.3419856,-0.39473808,-0.085019015
1.8372196,0.07733711,0.05778261,-0.31534982,-0.2410317
1.8431909,0.02462754,-0.0725623,-0.21897167,-0.12311815
1.3624818,0.13015972,0.2980379,-0.32199883,-0.13975042
2.1826155,0.0061617196,0.084437795,-0.23748434,-0.32788455
1.1606596,0.060861237,0.40612152,-0.32291403,-0.04438543
1.2339585,0.0393836,0.45707273,-0.23411854,-0.27452576
1.0709273,0.028586062,-0.029582161,-0.21742557,0.2653062
1.2013524,-0.006499089,0.33031538,-0.04722875,-0.18987994
0.34121075,0.13792744,0.61823756,-0.4233449,0.088149875
0.34402966,-0.14277875,0.44566804,-0.1764593,0.48932314
1.3973283,0.13922434,-0.08355905,-0.39127678,0.21544662
0.15361178,-0.03816618,0.7600162,-0.08564715,0.16561224
0.5296908,0.015307479,-0.14085135,-0.18087697,0.3269622
-0.25934756,0.066356786,0.7306904,-0.6454135,0.2833355
0.28683215,-0.08019009,0.41828176,0.102909796,0.16732697
0.52750134,0.14321226,0.80434275,-0.4807346,0.028877577
0.92214495,0.10513554,0.19902967,-0.27769962,-0.06278097
0.16902982,0.022439905,0.46625498,-0.16872519,0.065580636
0.38223067,0.17724268,0.34335655,-0.3738898,0.027878296
1.2849052,0.015239149,0.07705841,-0.14173749,-0.16717012
1.3958348,0.18027271,0.387732,-0.4687926,-0.17469823
0.60505825,-0.00048149814,0.47707862,-0.09454408,0.031827427
0.6342442,0.23225863,0.44258434,-0.4417331,-0.03762713
1.2202817,-0.03877541,1.1501021,-0.16340913,-0.06497217
0.8886482,-0.27265462,0.93841463,0.23073983,0.2949827
1.3010857,-0.05671281,0.9504775,-0.14929831,0.117691286
0.7074787,0.4588017,-0.001987966,0.17311275,-0.093988575
0.11530445,0.5307619,0.27032226,0.08660477,-0.08171777
0.24319316,0.017639065,0.10994848,-0.022725845,-0.03680667
0.8569604,0.15508221,0.25953344,-0.22275119,-0.033367313
-0.47600183,-0.17243463,0.5522589,0.16192955,0.30860406
0.88964266,-0.034896057,0.22271682,0.09610229,-0.068630286
0.55389345,-0.058296613,0.45525134,0.118030615,-0.028384361
-0.36076415,0.014851669,0.6952162,-0.21361256,0.28221107
0.82021433,-0.08636094,0.32277033,0.15089117,-0.032409362
0.49461788,-0.0062105265,0.3243835,-0.14291161,0.0106947245
2.4771373,-0.03954494,0.48315212,0.020687282,-0.3276878
2.3148518,-0.1473707,0.68123895,0.2838273,-0.21316086
2.1287727,0.02658459,0.51930416,-0.30630317,-0.18182637
1.1594558,-0.0364522,0.30305222,-0.14483103,0.20177874
0.8612734,0.08079598,-0.42848158,-0.030182779,0.26521447
0.7428418,0.02202064,-0.42192402,-0.0031179513,0.2367953
0.35097528,0.070563406,-0.42861652,0.019156286,0.29969785
1.0202763,0.025583534,-0.403942,-0.021259785,0.119979836
0.97650844,-0.02625341,-0.36064395,-0.0036230623,0.100436874
1.9416945,-0.048286542,-0.6833036,-0.0026143943,0.23433727
0.4305512,-0.009601927,-0.17375758,0.0037405007,0.097438164
1.5322142,0.0046640495,-0.4924299,-0.027115086,0.06739195
1.6309441,-0.0410201,-0.5316462,-0.01210699,0.07539071
1.6869575,-0.045297176,-0.39398605,-0.022422163,-0.0017404587
1.3857023,-0.038885802,-0.2863978,-0.014577772,0.007948787
1.5652688,0.06350715,-0.26848933,-0.10532018,-0.037245084
1.2913831,-0.04374056,-0.14816459,-0.017355684,0.07381471
1.5868487,-0.024066497,-0.37588525,-0.03512318,-0.041600205
2.5287304,-0.041485656,-0.23902896,-0.09142629,-0.25644404
0.8119992,-0.015265181,-0.06637815,-0.028521819,-0.08047657
1.3195834,-0.003813085,-0.18288556,-0.07665171,-0.11044145
2.067354,-0.005577075,0.24890666,-0.19496937,-0.29234588
0.795936,-0.009017119,-0.03520709,-0.041518968,-0.10868841
2.5575023,-0.09584338,-1.1517622,-0.0060913158,0.47497
3.1009793,-0.107953854,-1.1140716,-0.011598163,0.3976512
1.9138542,-0.014467981,-0.14693943,-0.14178498,-0.089287125
2.0491827,-0.081700645,-1.008374,-0.004864623,0.45143938
2.1690724,-0.09982457,-1.3845557,-0.030289285,0.7416673
2.6128175,-0.06814484,-0.8501549,-0.034819063,0.1331761
0.72433925,-0.27843773,-1.4164622,-0.0020069007,0.8583956
2.2753515,-0.019504376,-0.16015339,-0.15089278,-0.26657933
2.2272918,-0.072335646,-1.0520887,-0.006538736,0.36927196
2.1371326,-0.07243397,-0.5834105,-0.020218896,0.04680344
0.18793051,-0.3332407,-1.1907922,0.061580103,0.7457302
1.5935553,-0.026231673,-0.27134308,-0.081638634,-0.08217051
2.25362,-0.12340539,-1.1469986,0.0088932,0.55141526
3.0959532,-0.13284004,-1.0729632,-0.040505037,0.333499
-0.061822552,-0.36846703,-1.068589,0.035417363,0.5689318
1.8674401,-0.07673843,-0.62107205,-0.049001224,0.17000626
1.4589092,-0.090336815,-0.77579254,-0.0034496458,0.41187242
0.23726764,-0.31747937,-1.0879999,0.042492423,0.6544565
1.7839298,-0.13414028,-0.9841871,-0.024754,0.49872097
0.7966412,0.00935489,-0.22262739,-0.081241935,0.29677296
0.50502294,-0.34402218,-1.1357118,0.007895496,0.6319584
0.49903232,-0.06962754,-0.7784017,-0.0071500605,0.52974063
3.123591,-0.1875154,-0.96798587,0.16752714,0.51013577
0.9179288,-0.39168006,0.1098856,0.4465589,0.36633673
2.3026848,0.06658724,-0.18022923,-0.33368146,0.11758853
2.6755583,-0.1250634,-0.91129977,0.037733275,0.49835935
3.067954,-0.016899372,-1.1467458,-0.009775213,0.23771022
2.1701186,-0.02708395,0.064784676,-0.15668498,-0.2777539
3.2809722,-0.07483242,-1.3481644,0.0078042964,0.38873243
2.0853503,-0.0819681,-0.6904419,-0.02940468,0.30497578
1.3261187,-0.008418729,-0.4884465,0.038638107,0.111372
2.1297216,-0.042934377,-0.6152357,0.11167239,0.10191174
2.1414528,-0.04595771,-0.38821712,-0.1126261,0.041824333
2.864222,-0.072222576,-0.6881288,-0.009036328,0.018230284
2.28583,-0.062483598,-0.7574853,0.11599454,0.16348724
2.1856318,-0.039847314,0.07351586,-0.07705358,-0.31132123
1.5303093,-0.12449039,-0.49543637,0.010929564,0.52037805
2.374872,-0.051625893,-0.8153718,0.006149173,0.1253042
1.6796024,-0.07224246,-0.60430115,-0.03645187,0.37575072
1.7823942,-0.1286282,0.11616279,-0.028497411,0.37506998
2.4808807,-0.077460185,-0.8044075,0.08378024,0.1857042
1.6215867,-0.09564775,-0.31837174,0.18607959,0.112610325
1.2393732,-0.071751624,-0.30464396,-0.03067434,0.26060787
1.814738,-0.01512378,-0.27981532,-0.014340709,-0.10377489
0.20021042,-0.08767902,0.20211817,0.19546324,0.058972795
1.66629,-0.033466797,-0.584506,-0.006915986,0.09886283
-0.18231758,-0.17338552,0.5065305,0.26506987,0.22484222
1.5347803,-0.049152143,-0.22239053,0.044914123,0.035665244
2.8897932,-0.107683755,-1.0609617,0.047505785,0.36132637
0.9670812,-0.19197285,0.4461434,0.32943675,0.120941095
2.2858267,-0.07231507,-0.84881806,-0.0027308739,0.23982182
1.4964311,-0.05162442,-0.62821025,0.004470102,0.21233098
1.8945091,-0.095998615,-0.43523124,0.08338908,0.19973715
2.259605,-0.06667345,-0.0066459817,-0.021889392,-0.15915988
2.8461394,-0.095581144,-1.0068852,-0.018828891,0.3092788
2.871811,-0.10136776,-1.1107326,-0.0067727086,0.3446736
1.8315755,-0.042437408,-0.58724546,0.0040597147,0.09211456
1.0279111,-0.016891811,-0.13369915,-0.053865615,-0.036622815
1.1576481,-0.031128861,-0.23473427,-0.02013737,-0.00878168
2.0285056,0.0006511395,-0.4649234,-0.02999858,0.034806833
3.4300957,-0.047720473,-0.3511222,-0.22017647,-0.089155085
2.130096,-0.07520591,-0.73290586,-0.010464799,0.21439862
2.387594,-0.04910223,-0.73759615,-0.035202026,0.07724859
1.3167363,-0.04400666,-0.33194673,-0.059046037,0.1398748
0.96495074,-0.011065276,-0.18241763,-0.043061744,-0.025718741
1.5208321,0.008272298,-0.1541101,-0.12655908,-0.12169721
2.3157442,0.013861415,-0.41309434,-0.11548176,-0.090736605
2.2385473,-0.09358397,-0.6530674,0.002168787,0.30925488
2.6342003,-0.08830001,-0.71374387,-0.016117075,0.13812758
1.479981,0.003053166,0.106134705,-0.10906317,-0.16841471
1.439491,-0.2460052,-0.649824,0.037399165,0.42790163
1.5557882,-0.07394239,-0.10441068,0.009109518,0.12638173
1.3466815,0.15071963,-0.45573276,0.085935846,0.034231562
2.0680394,0.42666814,-0.9100007,0.108580805,0.07648232
1.7910033,0.018886127,-0.4513862,0.0610418,0.018321238
2.2316353,0.25572988,-0.80138624,0.023274908,0.10047554
3.1965206,-0.0053131166,-1.0573679,0.024312753,0.12855244
1.7734554,-0.04087579,-0.2453009,0.13111617,-0.014350131
0.7621312,0.62144095,-0.41264725,0.08234219,-0.0013933356
3.8945336,-0.090611234,-1.1541432,0.099129334,0.15308201
-0.014444276,0.8907829,-0.24555144,0.17227934,-0.095047735
2.997333,0.021029387,-1.0777905,0.032587737,0.17062376
3.380305,-0.09181319,-0.4826362,0.15100734,-0.07636474
3.3263915,-0.070933774,-1.2181966,0.031906154,0.23816161
2.1151032,0.15886159,-0.6383616,0.065932795,0.030688416
3.9133842,-0.09931249,-1.3034812,0.050632454,0.21078701
3.2019398,-0.0597494,-1.178818,0.027618451,0.23500597
3.855487,-0.06692652,-0.7356717,0.021291068,-0.11174515
2.3830464,-0.06675571,-0.8457866,0.028363908,0.17701204
2.6883454,-0.043564375,-0.8427208,0.031515375,0.122076534
3.2383928,-0.012235893,-0.2939847,-0.11148983,-0.25210986
2.830765,-0.05291163,-0.7770915,0.008141607,0.049858846
2.3559635,-0.2741252,-0.20489879,0.27767158,0.161447
3.3582098,-0.118873656,0.08265865,0.06348832,-0.29839292
2.632894,-0.065407,-0.98229975,0.023527194,0.22397062
1.3972492,-0.023998486,-0.19857976,0.030812396,-0.040210985
1.3832924,-0.15746924,0.42423826,-0.05031678,-0.024987312
2.2201622,-0.05016515,-0.74579644,0.023164926,0.16860546
1.6115717,0.013865826,-0.13686273,-0.0126653705,0.025581699
2.601144,-0.04095784,-0.81837815,-0.0014417216,0.10532037
1.6917696,0.11613632,-0.7247806,0.030181076,0.21785131
1.9201219,0.02341052,-0.10573465,-0.08796676,-0.13889763
0.82956743,0.15800716,-0.30704176,0.06749034,0.16962464
0.9509873,0.2327581,-0.22684282,-0.046852566,0.10844636
1.3403355,0.68970793,-0.87618554,-0.27092114,0.33107305
2.2683055,0.19897245,-1.099432,-0.015611204,0.23715034
0.9983353,0.709074,-0.9062917,0.076630756,0.1878601
-0.904763,1.8655204,-0.52831787,-0.28575748,0.13931085
-1.744873,2.359485,-0.6120988,-0.088608675,-0.0126822535
0.2642229,1.1789166,-0.79495317,-0.19921151,0.23619133
-2.070102,2.78541,-0.55210733,-0.021000857,-0.18167551
-0.7169367,0.9280962,-0.19552125,-0.21063098,0.087717
-1.7396576,2.2780645,-0.521364,0.0060394383,-0.14909972
-1.9673814,2.687501,-0.52041095,0.02550413,-0.13849273
-1.779761,2.2480338,-0.5110069,0.1586883,-0.24399681
-1.7349583,2.1876316,-0.48092902,0.13634138,-0.22226162
0.5018828,0.9507874,-0.8128356,0.12845238,0.1434795
-1.3154856,1.6684296,-0.3794919,0.021568794,-0.13201939
-1.5447677,1.9325798,-0.4428837,0.15517248,-0.21814162
-1.9042706,2.3209636,-0.59729105,0.27416915,-0.20356528
-1.4678966,1.703194,-0.42010155,0.21641183,-0.22523966
-1.8921057,2.126724,-0.5454389,0.31050795,-0.2884857
-0.5611137,0.701907,-0.15685482,-0.021171784,-0.042816594
-1.0582752,1.2785712,-0.22239432,0.2449661,-0.18873297
-1.2460762,1.476395,-0.37224784,0.18309695,-0.20041533
-0.9041557,1.484478,-0.52432597,0.28136775,-0.05553343
-0.52407527,0.6044779,-0.10747801,0.050903127,-0.053418733
-0.8477327,0.82462335,-0.019810755,-0.36376816,0.031556714
-2.3144197,2.4306068,-0.6664773,0.44629017,-0.36408576
-2.2129412,2.3025515,-0.6321488,0.42623436,-0.36340594
-1.6036073,1.7133119,-0.4397074,0.30482748,-0.2570045
-0.9649085,1.089125,-0.2527741,0.22856228,-0.15633228
-0.99028045,1.2167199,-0.27269548,-0.044191223,-0.07441598
0.16388135,0.14236332,0.12766936,0.15702304,-0.11700256
-1.8689959,2.0570817,-0.49414337,0.42276496,-0.2953461
-0.3881367,0.62904495,0.007851897,0.2796152,-0.15942536
-0.46525434,0.7220308,0.04446231,0.2083744,-0.12625189
-2.121646,2.021252,-0.6401935,0.49253318,-0.2758321
-2.1037562,2.4451408,-0.80527604,0.5490837,-0.35855207
-1.4423767,1.4632063,-0.4064801,0.32338482,-0.22601047
-1.1687846,1.1748797,-0.28506985,-0.16236725,-0.048020773
-1.3144007,1.5917392,-0.29271492,0.018827239,-0.1192232
-1.8617349,1.8498312,-0.44335383,0.4452957,-0.26624158
0.5075838,0.1673806,0.28845224,0.27427453,-0.25244266
-1.3946863,1.5617063,-0.3379251,0.35875592,-0.22303905
-0.9619153,1.074786,-0.3152731,-0.011070368,-0.07492668
-2.2944655,2.1915452,-0.6308711,0.55837053,-0.33822533
-1.8807082,2.037753,-0.66732824,0.48726577,-0.30202827
-0.5712759,1.1835448,-0.68196005,0.34665713,-0.10286011
-0.09845378,0.27982917,0.04484875,0.14410181,-0.09902311
-2.0635283,2.0849502,-0.48458764,0.5152974,-0.2928097
0.08758914,0.5099104,0.23271228,0.3463146,-0.26488894
-0.89907795,1.1799215,-0.14352976,0.33850822,-0.22252077
-1.9417844,1.7013098,-0.5115749,0.46686205,-0.28463274
-1.1997135,1.9786943,-0.75892407,0.4193726,-0.2001238
-1.1145146,1.1425407,-0.39743048,0.0029561901,-0.035366777
-2.3392794,2.0892274,-0.5690847,0.56027424,-0.32108915
-0.9331327,1.1749417,-0.1333444,0.10768735,-0.13109563
-1.5901017,1.9131869,-0.43943697,-0.0025980968,-0.15119845
-0.8138836,0.9448251,-0.1973628,0.17079125,-0.15343848
-1.8852729,1.9210932,-0.44239846,0.4401952,-0.2769249
-1.9807028,1.8476394,-0.46893984,0.45988542,-0.27662784
-1.1298087,1.2737712,-0.3343113,0.02902449,-0.06371465
-1.8148571,2.01621,-0.617843,0.4224069,-0.26031122
-1.2024964,1.3970926,-0.3201586,0.15895218,-0.19753632
-1.3187709,1.4193971,-0.340766,0.25343686,-0.2071382
-1.1988437,1.5372034,-0.26455486,-0.05907724,-0.11424083
-1.2120401,1.3478124,-0.33350226,0.1809245,-0.19008827
-1.5635263,1.9358675,-0.3954758,0.056856334,-0.20220198
-1.5141535,1.7522968,-0.6306137,0.3906259,-0.26989245
-1.6984745,1.6747357,-0.4530099,0.30356705,-0.26270697
-1.5726159,1.8595048,-0.60881007,0.36447522,-0.26170182
-1.1473666,1.444846,-0.12427208,-0.17328538,-0.023228077
-1.5298443,1.7859508,-0.41390145,0.15132068,-0.2215993
-0.74712557,0.7787041,-0.20140775,0.11127533,-0.11154298
-1.0648838,1.354732,-0.22861286,-0.04084093,-0.1030001
-1.3049356,1.333397,-0.4066786,0.2540089,-0.2164253
-1.6409533,1.7228482,-0.50918126,0.33113718,-0.26707697
-0.49064717,0.73182285,0.1471594,-0.289185,0.0830551
-1.5145012,1.6234356,-0.4006518,0.20487753,-0.21987155
0.37062225,0.8736192,-0.20720151,0.117923,-0.08511747
-0.65552247,0.63659644,-0.16837797,0.09747991,-0.092161074
-1.5374575,2.011032,-0.20258255,-0.19197215,-0.07690383
-1.7152762,1.9966843,-0.39414826,0.09369522,-0.20878918
-2.0443165,1.9716755,-0.50040126,0.28677586,-0.27727562
-1.2234801,1.265487,-0.30766168,0.12148543,-0.16433388
-1.4374733,1.7208399,-0.21273336,-0.21815467,-0.10877431
-0.34029895,0.36778829,-0.07903278,0.019191083,-0.04076418
-1.3013905,-0.6338288,-0.84098965,0.13804063,0.4993761
-0.95622253,-0.53398323,-1.1023965,0.040137723,0.5142737
-1.8916713,-0.84643936,-0.6539312,0.21380363,0.3511148
-0.55437624,-0.46752065,-1.3779467,0.07118566,0.78826267
-1.1337864,-0.5824468,-0.7929588,0.046924073,0.2570264
-2.161207,-0.9123055,-0.36768934,0.3333168,0.26999632
-0.99397826,-0.6689741,-1.0716286,0.0571753,0.3854174
-2.9162052,-1.250196,-0.13921566,-0.1602429,0.18746403
-2.0673387,-0.8802557,-0.6375067,0.27461174,0.17231578
-1.1884003,-0.5825476,-0.5949639,0.07396074,0.14408606
-2.3879724,-1.0207262,-0.26485184,0.33385935,0.14416882
-0.99613184,-0.6136895,-0.9220498,0.069321655,0.36974666
0.51819,-0.13193306,-0.80806106,0.021584807,0.5772482
-0.61440414,-0.5852572,-1.2040328,0.07628401,0.62416077
-3.0430007,-1.4462858,-0.6780208,0.039406247,-0.153434
-2.8525956,-1.2147573,-0.586571,0.32852334,-0.09592642
-2.8074424,-1.3324898,-0.6157082,0.17823926,-0.22123864
-1.8623588,-0.82768595,-0.6478269,0.23385437,0.15664038
-2.8279004,-1.3490374,-0.6757601,0.034161016,-0.19407773
-2.3538098,-0.9726004,-0.5780906,0.3213814,-0.06354351
-3.3499339,-1.5578145,-0.41500545,-0.4864818,-0.03741959
-2.6383643,-1.2422259,-0.6451717,0.16857263,-0.272947
-0.93568194,-0.2650875,-0.5173054,0.113043584,0.29495448
-1.4293402,-0.62918824,-0.51693875,0.16450882,0.16925237
-2.877775,-1.3714105,-0.6987615,0.06274853,-0.2078894
-2.5752177,-1.2062844,-0.6951807,0.0391908,-0.30328512
-2.3063095,-0.99739987,-0.527003,0.2597626,0.04409334
-2.63753,-1.2280893,-0.42674842,0.15922913,0.038709614
-2.6844697,-1.3190227,-0.7124112,-0.26285028,-0.34259236
-1.8524607,-0.83055955,-0.11271406,0.15972705,0.16237369
-2.773728,-1.2789613,-0.58738524,0.02881157,-0.1900263
-2.568463,-1.2347579,-0.515073,-0.06789966,-0.020367844
-2.4407997,-1.1265534,-0.37993708,-0.22184263,-0.08610618
-1.9505146,-1.0044767,-0.58599085,-0.07207961,-0.14786415
-2.2200856,-1.069328,-0.39625916,-0.07747847,-0.05057249
-2.487133,-1.3227366,-0.8062372,-0.10567119,-0.30021653
-2.504508,-1.2574337,-0.66339874,-0.30475605,-0.21208778
-3.1026928,-1.6286174,-0.9462395,-0.040033776,-0.3542497
-2.206527,-0.98240167,-0.44908792,-0.4294455,-0.16040708
-2.447022,-1.1118712,-0.42979753,-0.26708183,-0.08797901
-1.1381795,-0.59296525,-0.36825442,-0.11368401,-0.16006877
-3.086646,-1.6200029,-0.9646734,-0.11725773,-0.381501
-3.4984694,-1.8487715,-1.0965117,-0.063059,-0.42867807
-2.2662451,-0.9978579,-0.5085837,-0.5238739,-0.2510992
-1.8830528,-0.81777215,0.021898165,0.05687204,0.0698929
-0.78117806,-0.40784892,-0.25554383,-0.11835285,-0.13605213
-2.0522332,-0.9219517,-0.43190008,0.08045004,0.063716836
-3.2160776,-1.6204209,-0.96840703,-0.13233449,-0.42470318
-3.453878,-1.5926394,-0.8817204,0.115748376,-0.30058146
-2.550861,-1.2293044,-0.7175566,-0.5427538,-0.41824389
-1.8514389,-0.63574463,-0.18675613,0.08689856,-0.067470275
-1.5349425,-0.66777223,0.1251947,-0.03075727,0.117564
-2.9100866,-1.3625563,-0.7926072,-0.701208,-0.49952906
-2.6351836,-1.2426558,-0.81969863,-0.29746693,-0.4761301
-3.153193,-1.1860987,-0.83786917,0.0047017545,-0.4153634
-1.4930398,-0.79165715,-0.5129227,-0.28146297,-0.3267029
-1.9252241,-0.9882243,-0.5014605,-0.11248967,-0.31098396
-2.2851255,-0.4141123,-0.24421842,0.008418723,-0.03295363
-3.4007196,-1.4499716,-0.88857543,-0.22251828,-0.46837878
-2.6530316,-1.1613135,-0.40966564,-0.19316955,-0.24645904
-2.06369,-1.0514716,-0.6479704,-0.42997968,-0.42325968
-3.8440979,-2.0503948,-1.3349023,-0.57001346,-0.83228934
-1.9150641,-1.0221964,-0.66264373,-0.33077955,-0.42950198
-1.8421792,-0.8283078,-0.05762004,-0.20195831,0.010798189
-2.30888,-1.1051673,-0.62560666,-0.5068017,-0.38523754
-2.2918842,-1.2278214,-0.6735516,-0.24187316,-0.44366103
-2.739723,-1.2848942,-0.47896934,-0.10636589,-0.3101436
-3.673885,-1.9539609,-1.2361653,-0.661449,-0.7759363
-2.2074678,-0.832352,-0.58998406,-0.36906132,-0.36182237
-2.2869592,-1.161536,-0.7452987,-0.42066863,-0.4900471
-3.6740222,-1.9793345,-1.2682108,-0.5826314,-0.8202366
-2.189085,-0.5905853,-0.43640605,-0.014556082,-0.25975502
-1.283006,-0.6897157,-0.4414514,-0.2075542,-0.2923975
-2.5405369,-1.2442057,-0.68051845,-0.093550265,-0.43415
-1.8156872,-0.9458779,-0.5702549,-0.37018263,-0.3727749
-1.1764178,-0.51902294,-0.25661963,-0.18187143,-0.16127448
-2.561798,-1.4043998,-0.8466098,-0.23188257,-0.5363011
-2.9109416,-1.5501432,-0.95541626,-0.29580823,-0.61307836
-2.0065258,-0.9696204,-0.6202966,-0.15622358,-0.38964352
-3.366573,-1.7919695,-1.0992149,-0.413968,-0.7134157
-2.1681414,-0.96856403,-0.46051636,-0.5546177,-0.3040871
-2.5704703,-1.3008475,-0.78346664,-0.18631482,-0.51264375
-2.1738093,-1.0812147,-0.34836364,-0.054367784,-0.192465
-1.5997945,-0.8463695,-0.49590296,-0.25054207,-0.33365753
-3.1730738,-1.7363772,-1.084138,-0.29148972,-0.69169164
-2.5244148,-1.2632692,-0.6753624,-0.019559124,-0.38633975
-1.4654869,-0.60810477,-0.16853757,-0.15674476,-0.0940603
-2.3561234,-1.1949849,-0.66702306,-0.10641756,-0.41900375
-2.8335965,-1.4533409,-0.7860711,-0.21759859,-0.5119886
-3.0970335,-1.5851487,-0.860022,-0.114795566,-0.52062434
-0.998089,-0.397015,0.17870288,-0.0060746195,0.14557151
-1.533133,-0.77006245,-0.36899063,-0.20230712,-0.24090077
-2.4407113,-1.3068765,-0.8073386,-0.20685728,-0.532514
-0.99463665,-0.5093359,-0.27458036,-0.081389196,-0.18011332
-2.1102424,-1.1556706,-0.68472624,-0.1944112,-0.4280609
-1.9266323,-1.0181967,-0.5212069,-0.17650749,-0.33326983
-1.0951238,-0.569719,-0.31947342,-0.07104389,-0.20660976
-2.8133588,-1.491937,-0.8758296,-0.14928706,-0.54611295
-1.1145586,-0.5901592,-0.35342312,-0.07101685,-0.22872284
-2.6023717,-1.4144275,-0.8822334,-0.22697604,-0.5689096
-1.7378136,-0.9211399,-0.5573236,-0.13125627,-0.36532256
-2.929903,-1.5911062,-0.97778136,-0.25990018,-0.6232274
-2.1814523,-1.1746253,-0.7244211,-0.16591714,-0.46694615
-0.20776916,0.52548766,0.28849053,-0.3885116,0.37569392
-0.8214028,0.9614195,-0.39309907,-0.26202554,0.3582622
-0.27713123,0.69442374,0.41431427,-0.6729372,0.20860027
-0.7690369,1.0527072,-0.01809601,-0.34665403,0.020032607
0.30376104,0.28116646,0.37334374,-0.4246239,-0.061360918
-0.06613842,0.37834126,0.53418785,-0.605585,0.06895264
0.069891036,0.13770425,0.4396903,-0.2995266,0.10958072
-0.8902778,0.5551147,-0.052046403,-0.2051192,0.19052169
-0.31543773,0.46043745,-0.19658658,-0.041848358,0.1305814
0.23390163,0.26531076,-0.23453633,-0.042568773,0.23060238
-0.44623375,0.83041483,-0.14917965,-0.09683911,0.12295957
0.11666342,0.48600513,0.23723337,-0.3144328,0.13259684
-0.16696429,0.9905201,0.40798277,-0.576589,0.124712475
-1.8857083,-0.43855196,0.13693316,-0.7860865,0.12445259
0.9989352,0.45594308,0.42613834,-0.5228216,-0.17516036
-0.6328603,1.2276161,0.26057446,-0.5963009,-0.010937056
-1.5724251,-0.32445213,0.049161524,-0.74841046,0.00088484416
-0.4402842,0.007679107,0.24741213,-0.40818074,0.040357895
0.14154658,0.29051813,0.21549183,-0.25730714,-0.063345924
-0.23483466,-0.0075168153,0.07210047,-0.20941408,-0.026423685
-0.6703128,0.75992805,0.00667364,-0.15208712,0.004043305
-0.8763438,1.0711794,0.25594184,-0.56659234,0.07698275
-1.440108,-0.24763563,0.03520361,-0.746787,-0.051654443
-0.38325807,0.5973384,0.21558206,-0.39605305,0.028941678
-0.23705797,0.15713601,0.37885007,-0.4626314,0.04621918
-0.7198562,-0.16801555,-0.041368302,-0.32426283,-0.06548587
0.07849182,0.07979826,0.16211866,-0.07993667,-0.00020829393
-1.1823711,-0.29254434,-0.13485284,-0.48063317,-0.11081901
0.33152604,0.31863627,0.24309611,-0.26902324,-0.121487476
-1.9340105,-0.72483444,-0.3832131,-0.6098843,-0.25057346
-0.5874654,0.21724994,0.14237551,-0.39369938,0.048002638
-0.54973227,0.58859617,-0.066907495,-0.101771794,-0.02978865
-0.5039849,0.5849138,-0.02641399,0.03829412,0.15593068
-1.0036498,0.99304235,-0.0006376403,-0.36611816,-0.007973389
-1.4937155,-0.59419703,-0.35454434,-0.40458557,-0.22828935
-1.3067002,-0.43445408,-0.22405016,-0.39416125,-0.14030978
-0.38199157,0.44749403,0.42701927,-0.45387486,0.13846952
0.55085814,0.20333005,0.2724408,-0.22785749,0.0060550664
-0.6757676,0.62431544,0.1284113,-0.3795372,0.06260967
0.3563096,0.14910014,0.3494209,-0.23495856,-0.012200215
-0.3935969,0.3612358,0.26069722,-0.13944562,0.20934942
-0.90575296,-0.05099884,-0.102469645,-0.3269183,-0.06026417
-1.2754214,0.41554505,-0.124285676,-0.36581343,-0.06406981
-1.3204492,0.9679724,-0.058315013,-0.36482406,-0.015989555
-0.27056524,0.21665458,0.036456674,-0.115616284,0.02199133
-0.41747534,0.20797755,0.3052166,-0.2584247,0.15086246
-0.7535447,0.031832624,0.35770392,-0.16023901,0.23389786
-0.38117564,-0.09145796,-0.011447302,-0.10609733,-0.0050469255
-0.25165626,-0.00041039448,0.009800649,-0.0670864,0.008700381
-0.931845,0.081740916,0.14594983,-0.26017058,0.09743246
-1.1337559,-0.41368467,-0.11168427,-0.13846315,-0.07370139
-1.3134798,-0.48592335,-0.0856335,-0.15987796,-0.04423974
-1.2090967,0.20827457,0.19207524,-0.18432963,0.1823385
-0.5743949,0.47417137,0.62969744,-0.61513805,0.19958134
-0.15853362,0.27578548,0.53396785,-0.49795666,0.13482487
-1.9043638,-0.5255802,-0.13802104,-0.5986561,-0.07944794
-1.233204,0.018981574,0.22115631,-0.6556555,0.11679368
-1.2878736,-0.1865197,0.24551594,-0.49848393,0.14353625
-0.02692017,0.07338994,0.64867634,-0.40007442,0.28799558
0.00055224576,0.34440175,0.56524324,-0.55660653,0.12274924
-1.3198355,-0.038438585,0.20779237,-0.6824749,0.10455625
0.9822468,0.048437558,0.11302257,-0.1640118,0.049150806
0.3171953,0.08160283,-0.59133136,0.0079427855,0.59258294
-0.2581233,0.18959346,0.17146361,-0.111993656,0.3070342
-0.59772825,0.044661183,-0.5519905,0.052321676,0.4040716
-0.5213332,0.07976681,-0.12388296,0.054220088,0.34094483
-0.9657922,-0.3329802,-0.09228899,0.11386728,0.25295052
-1.8479943,-0.6704329,0.12892771,0.124507025,0.3663297
-0.7557005,-0.09162169,0.010222859,0.09034212,0.40222463
-1.7846637,-0.7272184,0.16259335,0.026580868,0.23205832
-0.5878916,-0.13545801,0.5012823,-0.04097526,0.3408968
-1.4333534,-0.5988071,0.07344898,-0.08201326,0.19236237
-0.798635,-0.17688374,0.63668966,-0.120723814,0.40866408
-0.1654018,-0.06464469,0.44597092,0.035536543,0.3303285
-1.2249705,-0.31403616,0.5979668,-0.20840661,0.43969685
-0.6424926,0.043355998,0.8145463,-0.47307736,0.4010008
-1.1337435,-0.35013482,0.2587027,-0.26680928,0.23151396
-0.18586873,-0.012479877,0.5503016,-0.119044825,0.24077438
-0.44136116,0.019549053,0.26130667,-0.31221277,0.13853207
-0.6256,-0.020733409,0.30035725,-0.13565218,0.360753
-1.0975126,-0.22351645,0.12371849,0.14130685,0.38660175
-0.19582677,-0.38774937,-1.0135803,0.12253896,0.70910496
-0.79070973,-0.54661477,0.59110487,0.3555972,0.44049126
-1.0158705,-0.6085439,-0.91470885,0.15662216,0.69028574
-1.935245,-0.7143432,0.43852398,0.3237269,0.60308665
-0.9808849,-0.4471872,1.2368953,0.101593204,0.6330257
-1.8514781,-0.6819435,0.5538022,0.2690069,0.58858126
-1.8736919,-0.77927935,-0.10437063,0.36151332,0.554383
0.26772523,-0.09318283,1.4520162,-0.15620078,0.3427375
-1.8197706,-0.62853086,1.0285269,-0.038735747,0.72081405
-0.17010303,-0.15320757,0.88281953,0.08975954,0.45825842
-2.5407028,-1.0824559,0.08299217,0.2181157,0.2900175
-0.8262924,-0.27676827,1.3154535,0.048607606,0.68397313
0.08963545,-0.19337364,1.1908703,0.05703404,0.61132455
-2.0015934,-0.7277517,0.788702,-0.027951263,0.6147183
0.99693036,-0.08934459,0.7159233,-0.04439512,0.19240145
-1.6401168,-0.58695984,1.4220805,0.1704575,0.8781086
-0.99784786,-0.44099593,1.3045889,0.1304899,0.6986646
-2.6438203,-1.0780557,0.3208745,-0.29984003,0.35230568
-1.3287487,-0.5158358,0.8329705,0.184168,0.6654289
-2.3867664,-1.018152,0.29294294,0.016641375,0.39700592
-0.17453445,-0.13632,0.89146495,-0.12059197,0.39255744
-1.7679031,-0.7289968,0.32510832,0.16794042,0.41873467
-0.94685876,-0.26238656,0.79463625,-0.21632026,0.465871
-1.465154,-0.47964597,0.3023485,-0.33430222,0.2543173
0.12105398,-0.07441434,0.7110552,0.04639032,0.17329808
0.3665851,-0.062353645,0.3259525,0.059238914,0.1474683
-0.8474546,-0.36335105,1.1861234,0.3721592,0.6220794
-1.6619742,-0.48025313,1.01373,0.040787015,0.6342015
-0.3797675,-0.37049007,0.61274916,0.029840732,0.27749977
0.5365855,-0.12382735,1.0543727,0.07941803,0.10031101
-0.9066931,-0.3159796,0.734511,0.13546015,0.43788314
-0.38470712,-0.4328912,0.8166153,0.071261056,0.2706809
-1.0267048,-0.51923066,0.14540234,0.19641468,0.1458487
-0.38684136,-0.19980057,0.7473059,-0.03191122,0.25940055
-1.3683827,-0.47929645,0.4220627,0.012232413,0.2669853
-0.5983722,-0.038013726,0.65634435,-0.026667247,0.3183826
0.12337084,-0.018634064,1.0510776,-0.2087333,0.23132944
-1.5622896,-0.5268569,0.4642445,0.00494283,0.30549103
-1.163099,0.27781263,0.13809852,0.052369084,0.10074922
-1.9578589,-0.669667,0.060941115,0.068375096,0.07631008
0.0075287307,-0.21567678,0.55097455,0.14941816,0.6207744
-1.2770555,0.1304001,0.03964417,0.0022515478,0.07728215
-1.2584156,-0.51947385,0.33826843,0.12721781,0.4362843
-2.1436632,-0.83044535,-0.27210113,-0.17498308,-0.16821355
-0.24115685,-0.13945355,0.64799035,0.06442411,0.4300888
-1.1682638,-0.42668822,0.15136401,-0.1435094,0.11210496
0.2756585,-0.123627804,0.18317848,0.11245004,0.48463798
1.338177,-0.095927216,0.6333668,0.044678446,0.0104658855
2.0863545,0.02393807,0.8659616,-0.29060468,-0.24657059
3.3366852,-0.00087428436,0.22248255,-0.26238078,-0.33480957
3.793795,0.007533519,-0.093148,-0.3340982,-0.4488963
1.3102821,0.06724466,0.6341153,-0.35080978,0.2111421
3.0573797,0.0704927,0.7690376,-0.48171633,-0.6291955
3.1595278,0.010352884,-1.2895026,-0.088880785,0.4473424
3.7683413,-0.040831685,-1.3109043,-0.13683158,0.24794288
3.4071708,-0.09032708,-1.0799803,-0.055115044,0.22283688
3.0928311,-0.061914273,-0.33763003,-0.10890881,-0.05606148
3.1271238,-0.01806295,-1.1985656,-0.015638925,0.26897228
2.9118114,-0.06811772,-1.0824099,-0.007384591,0.27537882
1.9450176,-0.0408715,0.41040233,-0.05928882,-0.26316217
0.43063992,0.31811595,-0.4780888,-0.3157077,0.525131
2.5012908,-0.020755544,-1.3823212,-0.05740271,0.7600367
1.7411087,0.051006656,-0.86144215,-0.040768914,0.5263183
0.32619527,0.48487702,-0.6486817,-0.2984064,0.63480127
0.0828023,0.5221231,-0.46392766,-0.30123222,0.34557837
-0.9935764,-0.18544912,-0.92472136,-0.17169686,0.4111564
1.0412554,-0.010125606,-1.3368589,-0.16802587,0.67219716
1.1051813,0.32087848,0.06972552,-0.3694541,0.45601043
0.03665815,0.85095257,-0.43212107,-0.3820059,0.47185895
2.595789,-0.0568695,-1.2665926,-0.030382238,0.5020166
1.6479204,0.037467718,0.17124411,-0.21675253,-0.16124514
2.2992587,-0.014829074,-0.93004566,-0.0662849,0.09096654
-0.31659055,0.8407276,-0.4275391,-0.24393736,0.44098073
2.2881641,-0.1050664,-1.7678329,-0.061915807,0.8151294
-0.069619685,1.2588924,-0.8628732,-0.3679458,0.31710154
1.785285,0.28267878,-1.0358104,-0.06480438,0.21134742
1.3645087,-0.22960159,-1.5843052,0.0026281308,0.9184809
0.68112385,-0.027562719,0.40504783,-0.015760386,0.060573984
0.73664254,0.00077156734,0.34913084,-0.0874203,-0.12195729
0.17382573,-0.012556097,0.7930878,-0.14299242,0.19479826
0.58323675,0.07196988,0.07000135,-0.11898338,-0.06823003
0.82094276,-0.0027885577,0.14929585,-0.063439324,-0.17596574
0.029568817,0.04659106,0.3235387,-0.17295502,0.06578257
0.578997,0.03780759,0.4635208,-0.1830738,-0.10858602
0.21164697,0.00031285247,0.03413662,-0.018894643,-0.048968684
0.23537748,0.18300231,0.7227821,-0.554587,-0.0031635016
1.0100913,0.055520803,0.4803949,-0.24164692,-0.26805592
0.16402964,0.0025186827,0.054100573,-0.021652123,-0.043209348
0.5814407,0.13927796,0.5104816,-0.3779922,-0.14775378
0.7893141,0.032283142,0.11463684,-0.12620287,-0.1637216
0.9980571,0.020637117,0.19286309,-0.13230656,-0.23619968
1.1769304,0.086906515,0.61038387,-0.30807045,-0.30039847
0.18518926,0.19255611,0.47184077,-0.4628883,-0.050050374
0.48854616,0.23818538,0.4505587,-0.36372697,-0.11851643
1.5708349,0.08426245,0.45759696,-0.33862317,-0.26973984
1.3698932,0.12886749,0.54645926,-0.41426015,-0.32243907
1.9022057,0.07840986,0.23940937,-0.33501697,-0.3612928
1.1567221,0.078868166,0.27979672,-0.2765549,-0.19709365
1.4344863,-0.12427259,0.9976502,0.017788352,0.06056212
1.6601726,-0.10809434,0.845986,0.0036176983,0.052174248
1.355573,0.17904587,1.2242547,-0.6032309,-0.21984209
1.8251228,-0.0035955398,0.94468397,-0.19797382,-0.41339132
1.9884448,0.0028194967,0.30736664,-0.20774062,-0.4200772
1.7225697,-0.0031914772,0.43431887,-0.14571962,-0.39829674
1.9154165,0.026090771,0.43193024,-0.27528805,-0.40618473
1.7505314,-0.008041319,0.22732879,-0.06078972,-0.3202525
0.33662868,0.014918527,0.63969654,-0.19330922,0.2150917
0.9973219,0.0108038895,0.6862036,-0.18332376,-0.20444739
1.3012605,0.0044766422,0.29704642,-0.094953604,-0.24619104
0.94386804,0.08944342,-0.13830464,-0.18535128,0.30939302
1.7431377,-0.028243707,-0.05257822,-0.01554118,-0.16418353
0.20770547,0.13664873,0.68491185,-0.38559082,0.109238856
0.50906086,-0.029310057,0.064854674,-0.07951211,0.31133857
0.3063111,0.008257746,0.497324,-0.111016035,0.0016526154
0.74807096,0.17136975,0.2446964,-0.31136337,-0.014037552
0.19975938,0.12636878,-0.022521053,-0.13736388,0.2972323
1.0788611,-0.07459465,0.14837302,0.082581505,0.08680453
0.70972425,0.06363028,0.5019366,-0.23963723,-0.15841949
-0.008614349,-0.047006465,0.6914515,-0.08168713,0.18570518
0.54816777,0.043033715,0.14057969,-0.11810374,-0.09804264
1.0467237,0.17369388,0.21741372,-0.2758885,-0.085627995
0.99001855,0.009980966,0.42023697,-0.1269455,-0.19721544
0.53951186,0.14369905,0.30191028,-0.25763825,-0.076363735
0.3155848,0.0018107143,0.3297495,-0.043478165,0.017448125
1.046477,-0.00085777807,0.03615657,-0.07751409,-0.1352192
1.8400733,2.9859948e-06,0.006654705,-0.11442066,-0.081433274
1.1777691,-0.016153947,-0.0020207893,-0.052813143,-0.16018821
0.8219531,0.019897299,0.14289406,-0.06773172,-0.08456073
0.44923404,0.0735817,0.19000855,-0.07592853,0.11675081
0.48871166,0.04122481,0.14544143,-0.10516627,-0.08876785
1.5745409,0.10499036,0.21666923,-0.29625586,-0.22105573
1.5302577,0.085524514,0.010763972,-0.18572696,-0.13203284
1.283669,-0.04496019,0.23501617,0.0027797585,-0.037191734
0.17910266,0.05844136,0.64446115,-0.2193966,0.12502202
0.47969115,0.54242426,0.12935579,0.14599434,-0.1083664
-0.31436223,0.68026716,0.17584707,-0.011658091,-0.067031994
0.55835605,0.025653591,0.11673331,-0.057706177,-0.08509423
0.45673528,-0.061285347,0.46146813,0.14394382,-0.019080026
-0.21164505,0.048077587,0.56450236,-0.14729388,0.19912575
1.0136992,-0.03190101,0.41429052,0.086777754,-0.110682376
0.32631984,0.104778446,0.5343254,-0.29598224,0.009986859
1.1302298,-0.10359214,0.5559442,0.19329739,-0.085561655
0.7469479,-0.20891413,0.7961428,0.35739294,0.10330553
0.075695634,-0.19009675,0.96584415,0.25079286,0.25287944
2.1261225,-0.07851109,0.7059928,0.012344464,-0.3114836
2.9980962,-0.042221412,-0.25526997,-0.16152976,-0.124095425
2.2564304,0.05945533,0.90849537,-0.3912964,-0.3649592
0.060825218,0.1365151,-0.10655331,-0.02576503,0.31062844
-0.073666014,0.20953564,-0.30882418,0.015513327,0.27782506
0.6216868,0.26343456,-0.37254694,-0.033965576,0.14164901
0.7124488,0.075393274,-0.32583532,-0.007903441,0.16832519
0.4802608,0.097643204,-0.17088911,0.0063753277,0.19393112
1.2559389,0.068586856,-0.4074905,-0.043805823,0.07472412
0.36148316,0.018409183,0.11767578,0.018562399,0.16823952
1.0513078,-0.020080512,-0.32476804,-0.0075342986,0.04678709
0.93718237,-0.003854509,-0.23904806,-0.006666233,0.050533798
0.8839004,-0.00872252,0.17054231,-0.036408696,-0.0560503
1.9925545,-0.02886253,-0.37492496,-0.050427064,-0.10941296
1.765744,0.048179638,-0.19422573,-0.116335325,-0.13330723
1.3896319,-0.021469764,-0.063213766,-0.043889467,-0.1250627
1.6269991,-0.007611695,0.007999349,-0.10163185,-0.26834038
1.3463616,-0.013804143,0.033485875,-0.07245436,-0.22404741
0.46249023,0.0037252142,0.001238213,-0.037368715,-0.075683996
2.6851463,-0.084527165,-1.1904095,-0.0048508593,0.4964953
2.9939358,-0.099810734,-1.0165006,0.011251252,0.3442354
3.0778208,-0.06924925,-0.986596,-0.04274783,0.14707334
2.2656932,-0.06730618,-1.2681326,-0.014448039,0.6377742
1.4669464,-0.11246663,-1.3247666,-0.034408286,0.7718668
2.7214844,-0.044778753,-1.3275806,-0.015548084,0.46255437
2.693108,-0.02187815,-0.008179979,-0.16673349,-0.40446976
2.1438835,-0.07714602,-0.754841,-0.013519847,0.10988645
-0.0697304,-0.3174839,-1.3610172,0.029535007,0.8372496
2.3080485,-0.0043718307,0.15124471,-0.18795477,-0.44087112
1.4606531,-0.11594195,-1.4045831,0.03159759,0.8506727
2.8062482,-0.10405849,-0.5128078,-0.04912882,-0.06680151
1.8271648,-0.1068362,-1.197456,0.028713224,0.71266913
2.2485924,-0.13652956,-0.8425039,0.044846755,0.5192536
2.1485798,-0.097847074,-0.47020456,-0.07652913,-0.018459711
0.23664743,-0.16897678,-0.76416475,0.07516966,0.63727814
0.5073134,-0.14770211,-0.7570589,0.040617738,0.5744827
2.4582396,-0.11723241,-1.0413697,-0.022412637,0.5200095
2.54861,-0.09954498,-0.8885616,0.039624505,0.4124016
2.586577,-0.20519617,-0.319743,0.23041661,0.3702767
2.658492,-0.08275611,-0.99180555,0.018912822,0.39202023
2.6664085,0.09117016,-0.3402198,-0.3212977,-0.021632297
2.1808038,-0.10153794,-0.4914263,0.047574405,0.29547277
2.1163306,-0.05266629,-0.5335475,-0.05949693,0.082052454
1.4942406,-0.09558235,0.19530812,0.009518042,0.2521965
1.6560256,-0.06616917,-0.3401355,-0.024737906,0.26440233
0.88577235,-0.07134408,-0.20506449,0.016171234,0.48442438
0.9635666,-0.037487816,0.011994202,-0.03858868,0.13381867
3.0595999,-0.035525408,-1.180656,-0.009043315,0.26727742
2.529614,-0.054580472,-0.84160066,0.10159972,0.1709186
2.1506326,-0.034349054,-0.5077361,0.11102,0.06854195
2.5458076,-0.04814445,-0.74221355,-0.009289593,0.041926697
1.3363943,-0.055208743,0.036494333,0.16956764,-0.025921365
2.15732,-0.028828762,-0.4387236,-0.032960095,-0.08792802
1.6141905,-0.11947816,-0.046729796,0.2513789,0.024467114
2.420054,-0.06899778,-0.7482134,0.06663202,0.1699235
0.18862447,-0.120206736,0.26566952,0.23306534,0.12029487
2.3294504,-0.06518413,-0.7088022,-0.002469,0.13545804
2.797346,-0.08754149,-0.53988385,0.059415974,0.013006069
-0.27388158,-0.12377649,0.38914415,0.1517021,0.20200355
2.5216413,-0.08195949,-1.0464684,0.012093653,0.3661848
2.3969476,-0.08326917,-0.7434849,0.0074261343,0.21545658
3.623365,-0.10000593,-0.993995,-0.026946506,0.22709033
2.3881793,-0.0713685,-0.50701535,0.014421298,0.017415186
0.8990752,0.012035242,0.16696563,-0.014981993,0.059940077
2.00621,-0.060606606,-0.65444654,-0.017832588,0.14705968
1.8713713,-0.035670526,-0.53926325,-0.023248898,0.030167041
1.6302425,0.049123097,-0.17303221,-0.06203975,0.0048324843
2.7110405,-0.07787088,-0.68180925,-0.026880879,0.07838338
2.0112379,-0.009866187,-0.22350836,-0.08556891,-0.16727355
1.88954,-0.09193439,-0.2602082,0.03182623,0.29584536
1.7517105,-0.119940326,-0.373971,0.0805882,0.3392151
1.2753235,0.6819962,-0.73093957,0.15130028,0.025105964
1.9464086,0.45868298,-0.7690338,0.028621547,0.079580665
1.9131938,0.07176856,-0.51539284,0.062475067,0.03188055
1.0611548,0.6734895,-0.5162673,0.03353867,0.05242966
1.5324738,-0.032595042,-0.09528366,0.14528424,-0.03183976
3.427561,0.0028927869,-1.1641771,0.04843934,0.17828189
2.978447,0.16589023,-1.1636976,0.048657548,0.20063613
4.2291293,-0.08566195,-1.0979753,0.07815793,0.042617142
2.6063972,0.15951303,-0.8641108,0.051661078,0.09228554
3.1232293,-0.046413716,-1.0948156,0.028301032,0.19063677
3.702162,-0.019330917,-0.48368534,-0.06562276,-0.25055057
3.2763941,-0.06714857,0.22998126,-0.00908162,-0.39364824
2.286745,-0.028857563,-0.47450253,0.0034008988,-0.063626714
2.04625,-0.24543929,0.103515424,0.29457933,0.12839253
2.57712,-0.03122795,-0.7282894,0.016388869,0.062232483
2.6178942,-0.046010092,-0.77056414,0.0290941,0.0960789
0.8192277,0.2558899,-0.19102928,0.032217786,0.110668264
2.1172836,0.11296794,-0.4635862,-0.059918188,0.0422452
2.1448174,0.030705165,0.1563216,-0.13394065,-0.20600858
1.7485621,0.073923394,-0.07097084,-0.05019406,-0.08319698
